_id,Date,Line,Time,Day,Station,Code,Min Delay,Min Gap,Bound,Vehicle
1,2025-12-07,FW,07:29,Sunday,FINCH WEST FWLRT STATI,TXDOE,0,0,W,6509
2,2025-12-07,FW,09:17,Sunday,MILVAN RUMIKE STOP,EXTM,7,17,W,6501
3,2025-12-07,FW,09:25,Sunday,MILVAN RUMIKE STOP,EXBK,5,15,E,6512
4,2025-12-07,FW,09:34,Sunday,HUMBER COLLEGE STOP,EXBO,4,14,E,6502
5,2025-12-07,FW,09:55,Sunday,HUMBER COLLEGE STOP,MXTO,5,15,None,6508
6,2025-12-07,FW,10:05,Sunday,TOBERMORY STOP,EXBK,4,14,E,6514
7,2025-12-07,FW,10:10,Sunday,FINCH WEST FWLRT STATI,EXO,15,25,E,6502
8,2025-12-07,FW,10:48,Sunday,ROWNTREE MILLS STOP,EXBK,5,15,W,6517
9,2025-12-07,FW,11:05,Sunday,EMERY STOP,TXO,10,20,E,6509
10,2025-12-07,FW,12:36,Sunday,NORFINCH OAKDALE STOP,TXDOE,10,20,E,6502
11,2025-12-07,FW,13:57,Sunday,EMERY STOP,TXOS,5,15,W,6507
12,2025-12-07,FW,14:54,Sunday,EMERY STOP,TXOS,3,13,W,6501
13,2025-12-07,FW,15:30,Sunday,HUMBER COLLEGE STOP,MXO,0,0,None,0
14,2025-12-07,FW,16:16,Sunday,SIGNET ARROW STOP,EXO,3,10,W,6512
15,2025-12-07,FW,16:34,Sunday,SENTINEL STOP,TXOS,3,13,W,6508
16,2025-12-07,FW,18:26,Sunday,PEARLDALE STOP,EXO,13,23,W,6514
17,2025-12-07,FW,18:46,Sunday,FINCH WEST FWLRT STATI,MXIS,0,0,None,0
18,2025-12-07,FW,20:56,Sunday,MARTIN GROVE STOP,MXUS,12,24,E,6512
19,2025-12-07,FW,21:12,Sunday,HUMBER COLLEGE STOP,MXTO,7,19,W,6506
20,2025-12-07,FW,21:59,Sunday,FINCH WEST FWLRT STATI,MXUS,12,24,W,6512
21,2025-12-07,FW,23:05,Sunday,HUMBER COLLEGE STOP,EXDO,0,0,E,6512
22,2025-12-08,FW,05:08,Monday,FINCH WEST STATION,PXWZ,14,0,E,6512
23,2025-12-08,FW,05:28,Monday,HUMBER COLLEGE STOP,TXNIP,6,0,E,6507
24,2025-12-08,FW,06:01,Monday,HUMBER COLLEGE STOP,MXO,0,0,None,0
25,2025-12-08,FW,06:44,Monday,JANE FWLRT STOP,MXO,3,9,E,6503
26,2025-12-08,FW,06:46,Monday,JANE FWLRT STOP,TXOVS,0,0,W,6507
27,2025-12-08,FW,06:55,Monday,MARTIN GROVE STOP,TXO,4,10,E,6517
28,2025-12-08,FW,08:10,Monday,HUMBER COLLEGE STOP,TXNIP,6,12,E,6511
29,2025-12-08,FW,09:41,Monday,HUMBER COLLEGE STOP,MXTO,5,0,E,6508
30,2025-12-08,FW,12:56,Monday,ROWNTREE MILLS STOP,TXOS,4,14,E,6509
31,2025-12-08,FW,13:11,Monday,HUMBER COLLEGE STOP,EXDO,10,10,W,6517
32,2025-12-08,FW,13:20,Monday,HUMBER COLLEGE STOP,MXTO,4,10,W,6501
33,2025-12-08,FW,15:01,Monday,JANE FWLRT STOP,TXO,4,14,E,6503
34,2025-12-08,FW,15:42,Monday,SENTINEL STOP,EXAC,6,12,E,6517
35,2025-12-08,FW,16:41,Monday,FINCH WEST FWLRT STATI,EXAC,6,12,None,6512
36,2025-12-08,FW,17:30,Monday,ALBION STOP,PXSTP,3,9,N,6511
37,2025-12-08,FW,21:19,Monday,DRIFTWOOD STOP,EXBK,9,23,E,6503
38,2025-12-08,FW,22:33,Monday,ENTERING MSF,EXO,0,0,W,6507
39,2025-12-09,FW,05:06,Tuesday,NORFINCH OAKDALE STOP,EXO,0,0,W,6501
40,2025-12-09,FW,07:16,Tuesday,NORFINCH OAKDALE STOP,EXO,0,0,W,6507
41,2025-12-09,FW,07:42,Tuesday,SIGNET ARROW STOP,EXO,0,0,W,6514
42,2025-12-09,FW,08:33,Tuesday,WESTMORE STOP,EXO,0,0,W,6508
43,2025-12-09,FW,08:56,Tuesday,MILVAN RUMIKE STOP,EXO,0,0,E,6514
44,2025-12-09,FW,09:01,Tuesday,SIGNET ARROW STOP,EXO,0,0,W,6503
45,2025-12-09,FW,09:12,Tuesday,HUMBER COLLEGE STOP,EXDO,6,12,E,6516
46,2025-12-09,FW,13:05,Tuesday,JANE FWLRT STOP,TXO,3,9,W,6503
47,2025-12-09,FW,13:34,Tuesday,TOBERMORY STOP,TXOVS,0,0,W,6509
48,2025-12-09,FW,15:16,Tuesday,HUMBER COLLEGE STOP,PXSW,92,98,None,0
49,2025-12-09,FW,15:30,Tuesday,MARTIN GROVE STOP,PXSW,45,51,W,6515
50,2025-12-09,FW,20:04,Tuesday,FINCH WEST FWLRT STATI,SXO,0,0,None,0
51,2025-12-09,FW,21:48,Tuesday,DRIFTWOOD STOP,TXO,10,20,W,6515
52,2025-12-09,FW,22:23,Tuesday,ISLINGTON,EXO,32,42,E,6513
53,2025-12-09,FW,23:00,Tuesday,HUMBER COLLEGE STOP TO,MXST,0,0,None,6516
54,2025-12-09,FW,23:32,Tuesday,FINCH WEST FWLRT STATI,EXO,0,0,W,6513
55,2025-12-10,FW,04:56,Wednesday,NORFINCH OAKDALE STOP,EXO,0,0,W,6517
56,2025-12-10,FW,05:13,Wednesday,NORFINCH OAKDALE STOP,EXO,0,0,W,6503
57,2025-12-10,FW,06:53,Wednesday,JANE FWLRT STOP,EXO,0,0,E,6502
58,2025-12-10,FW,07:25,Wednesday,JANE FWLRT STOP,EXO,6,12,E,6513
59,2025-12-10,FW,08:40,Wednesday,JANE FWLRT STOP,MXUS,15,21,E,6507
60,2025-12-10,FW,09:03,Wednesday,TOBERMORY STOP,PXTIS,15,21,None,0
61,2025-12-10,FW,11:39,Wednesday,FINCH WEST FWLRT STATI,MXIS,0,0,W,0
62,2025-12-10,FW,12:28,Wednesday,HUMBER COLLEGE STOP (L,TXOVS,0,0,E,6504
63,2025-12-10,FW,13:05,Wednesday,DUNCANWOODS STOP,PXSW,5,15,E,6517
64,2025-12-10,FW,13:41,Wednesday,FINCH WEST FWLRT STATI,MXIS,0,0,None,6154
65,2025-12-10,FW,18:12,Wednesday,HUMBER COLLEGE STATION,TXO,10,20,E,6506
66,2025-12-10,FW,18:16,Wednesday,STEVENSON STOP,MXAFR,6,12,E,6503
67,2025-12-10,FW,19:47,Wednesday,YORKGATE,PXSW,0,0,None,0
68,2025-12-10,FW,20:52,Wednesday,EMERY STOP,EXHV,0,0,E,6515
69,2025-12-10,FW,21:18,Wednesday,HUMBER COLLEGE STOP,PXSIS,100,110,None,0
70,2025-12-10,FW,21:30,Wednesday,ALBION STOP,PXSIS,100,110,None,0
71,2025-12-11,FW,05:19,Thursday,YORKGATE,PXSW,46,51,W,6505
72,2025-12-11,FW,06:21,Thursday,HUMBER COLLEGE STOP,PXSW,93,105,None,0
73,2025-12-11,FW,07:47,Thursday,JANE AND FINCH,EXNEA,6,12,E,0
74,2025-12-11,FW,07:48,Thursday,SENTINEL STOP,EXO,0,0,E,6501
75,2025-12-11,FW,09:21,Thursday,DRIFTWOOD STOP,EXO,0,0,E,6506
76,2025-12-11,FW,10:38,Thursday,HUMBER COLLEGE STOP,MXIE,0,0,E,6515
77,2025-12-11,FW,11:30,Thursday,HUMBER COLLEGE STOP,EXCE,6,12,E,6508
78,2025-12-11,FW,15:07,Thursday,PEARLDALE STOP,MXUS,10,16,W,6501
79,2025-12-11,FW,15:22,Thursday,FINCH WEST FWLRT STATI,EXCE,6,12,None,6517
80,2025-12-11,FW,15:41,Thursday,JANE FWLRT STOP,EXNEA,6,12,E,0
81,2025-12-11,FW,18:21,Thursday,DUNCANWOODS STOP,MXUS,15,21,E,6508
82,2025-12-11,FW,20:32,Thursday,DUNCANWOODS STOP,MXUS,15,25,E,6506
83,2025-12-11,FW,21:27,Thursday,JANE FWLRT STOP,EXO,0,0,W,6514
84,2025-12-11,FW,22:25,Thursday,HUMBER COLLEGE STOP,EXGA,0,0,E,6513
85,2025-12-12,FW,05:10,Friday,JANE FWLRT STOP,EXBK,0,0,E,6506
86,2025-12-12,FW,05:17,Friday,SENTINEL STOP,TXCC,4,14,W,6515
87,2025-12-12,FW,05:52,Friday,STEVENSON STOP,EXBK,4,16,W,73
88,2025-12-12,FW,05:56,Friday,HUMBER COLLEGE STOP,EXCE,10,20,E,6508
89,2025-12-12,FW,07:25,Friday,JANE AND FINCH STOP,EXNEA,0,0,E,6502
90,2025-12-12,FW,07:47,Friday,JANE AND FINCH,EXNEA,0,0,E,0
91,2025-12-12,FW,08:00,Friday,FINCH WEST FWLRT STATI,EXBO,10,20,W,6512
92,2025-12-12,FW,08:08,Friday,MARTIN GROVE STOP,EXBK,3,10,E,6501
93,2025-12-12,FW,08:11,Friday,FINCH WEST FWLRT STATI,EXBK,0,0,W,6511
94,2025-12-12,FW,08:40,Friday,SIGNET ARROW STOP,EXDO,3,10,E,6507
95,2025-12-12,FW,08:45,Friday,JANE FWLRT STOP,EXO,7,14,W,6513
96,2025-12-12,FW,08:48,Friday,YORKGATE BLVD,PXTIS,4,14,W,6515
97,2025-12-12,FW,09:08,Friday,FINCH WEST FWLRT STATI,EXO,7,14,W,6507
98,2025-12-12,FW,11:05,Friday,HUMBER COLLEGE STOP,EXBO,10,20,E,6512
99,2025-12-12,FW,11:42,Friday,HUMBER COLLEGE STOP,TXO,10,20,E,6512
100,2025-12-12,FW,13:07,Friday,FINCH WEST FWLRT STATI,EXO,10,20,W,6515
101,2025-12-12,FW,14:34,Friday,HUMBER COLLEGE STOP,EXAC,7,14,E,6512
102,2025-12-12,FW,15:49,Friday,JANE FWLRT STOP,EXO,7,14,E,0
103,2025-12-12,FW,17:26,Friday,MILVAN RUMIKE STOP,MXUS,12,19,E,6508
104,2025-12-12,FW,17:55,Friday,EMERY STOP,TXO,4,11,W,6511
105,2025-12-12,FW,18:00,Friday,HUMBER COLLEGE STOP,EXATC,10,17,E,6506
106,2025-12-12,FW,18:01,Friday,FINCH WEST FWLRT STATI,EXATC,7,14,W,6509
107,2025-12-12,FW,21:04,Friday,FINCH WEST FWLRT STATI,EXSA,7,12,W,6504
108,2025-12-12,FW,21:20,Friday,FINCH WEST FWLRT STATI,EXSA,7,12,None,6504
109,2025-12-13,FW,05:41,Saturday,NORFINCH OAKDALE STOP,EXO,0,0,E,6511
110,2025-12-13,FW,08:33,Saturday,FINCH WEST FWLRT STATI,EXECD,37,0,E,6506
111,2025-12-13,FW,11:35,Saturday,TOBERMORY STOP,EXBK,32,39,W,6509
112,2025-12-13,FW,12:31,Saturday,NORFINCH OAKDALE STOP,EXBK,0,0,W,6511
113,2025-12-13,FW,12:52,Saturday,HUMBER COLLEGE STOP,MXTO,17,27,E,6509
114,2025-12-13,FW,13:10,Saturday,FINCH WEST FWLRT STATI,EXGA,30,39,None,6503
115,2025-12-13,FW,13:14,Saturday,FINCH WEST FWLRT STATI,EXTR,0,0,W,6503
116,2025-12-13,FW,14:14,Saturday,NORFINCH OAKDALE STOP,EXTR,0,0,W,6515
117,2025-12-13,FW,15:42,Saturday,ROWNTREE MILLS STOP,EXO,7,17,E,6506
118,2025-12-13,FW,16:07,Saturday,ALBION STOP,EXTM,5,15,E,6514
119,2025-12-13,FW,16:37,Saturday,HUMBER COLLEGE STOP,EXDO,0,0,E,6505
120,2025-12-13,FW,16:43,Saturday,SIGNET ARROW STOP,SXDP,0,0,None,6508
121,2025-12-13,FW,18:07,Saturday,DRIFTWOOD STOP,PXDCS,0,0,E,6501
122,2025-12-13,FW,19:18,Saturday,SENTINEL STOP,TXOVS,0,0,W,6511
123,2025-12-13,FW,20:43,Saturday,FINCH WEST FWLRT STATI,EXDO,4,14,W,6508
124,2025-12-13,FW,21:32,Saturday,ALBION STOP,TXO,6,18,W,6508
125,2025-12-14,FW,08:13,Sunday,WESTMORE STOP,EXO,3,13,E,6513
126,2025-12-14,FW,08:22,Sunday,JANE AND FINCH STOP,EXAC,6,16,E,6517
127,2025-12-14,FW,08:31,Sunday,ROWNTREE MILLS STOP (A,EXBK,119,129,E,6513
128,2025-12-14,FW,10:26,Sunday,MILVAN RUMIKE STOP,EXDO,3,13,E,6517
129,2025-12-14,FW,10:42,Sunday,ALBION STOP,EXTM,3,13,E,6506
130,2025-12-14,FW,12:01,Sunday,MARTIN GROVE STOP,EXTM,3,13,W,6514
131,2025-12-14,FW,12:18,Sunday,SENTINEL STOP,EXTM,5,15,W,6501
132,2025-12-14,FW,13:53,Sunday,HUMBER COLLEGE STOP,MXTO,5,10,E,6514
133,2025-12-14,FW,18:31,Sunday,JANE FWLRT STOP,EXAC,0,0,W,6514
134,2025-12-14,FW,19:00,Sunday,MILVAN RUMIKE STOP,MXIE,12,24,E,6501
135,2025-12-14,FW,19:12,Sunday,YORK GATE,PXSW,12,24,W,0
136,2025-12-14,FW,19:32,Sunday,FINCH WEST FWLRT STATI,MXIE,0,0,W,6501
137,2025-12-15,FW,02:01,Monday,YORK GATE FWMSF,SXO,0,0,None,0
138,2025-12-15,FW,07:53,Monday,JANE FWLRT STOP,EXTM,4,7,W,6505
139,2025-12-15,FW,08:09,Monday,DUNCANWOODS STOP (ENTE,TXOVS,0,0,W,6511
140,2025-12-15,FW,08:50,Monday,FINCH WEST FWLRT STATI,EXBO,4,8,W,6515
141,2025-12-15,FW,09:31,Monday,WESTMORE STOP (ENETERI,TXOVS,0,0,E,6516
142,2025-12-15,FW,09:55,Monday,FINCH WEST FWLRT STATI,MXTO,5,9,W,6503
143,2025-12-15,FW,12:11,Monday,YORK GATE,PXSW,0,0,None,0
144,2025-12-15,FW,14:08,Monday,STEVENSON STOP,EXO,7,17,E,6504
145,2025-12-15,FW,15:29,Monday,PEARLDALE STOP,MXPAA,4,10,E,6516
146,2025-12-15,FW,15:40,Monday,JANE AND FINCH,EXAC,6,12,E,6512
147,2025-12-15,FW,16:00,Monday,FINCH WEST FWLRT STATI,PXTDN,6,12,W,6509
148,2025-12-15,FW,17:06,Monday,ALBION STOP,EXNEA,0,0,E,0
149,2025-12-15,FW,22:31,Monday,DRIFTWOOD STOP,EXO,0,0,E,6514
150,2025-12-16,FW,04:54,Tuesday,HUMBER COLLEGE STOP,EXGA,26,36,None,6509
151,2025-12-16,FW,05:07,Tuesday,JANE FWLRT STOP,EXO,0,0,E,6511
152,2025-12-16,FW,05:13,Tuesday,DUNCANWOODS STOP,TXOVS,0,0,W,6508
153,2025-12-16,FW,06:06,Tuesday,SENTINEL STOP,TXOS,0,0,W,6504
154,2025-12-16,FW,06:52,Tuesday,FINCH WEST FWLRT LINE,PXSCA,0,0,None,0
155,2025-12-16,FW,07:24,Tuesday,HUMBER COLLEGE STOP -,EXAC,15,19,None,6502
156,2025-12-16,FW,08:51,Tuesday,JANE FWLRT STOP,EXBK,23,27,W,6507
157,2025-12-16,FW,09:23,Tuesday,DRIFTWOOD STOP,EXO,0,0,E,6515
158,2025-12-16,FW,11:13,Tuesday,MILVAN RUMIKE STOP,MXPAA,0,0,W,6504
159,2025-12-16,FW,11:47,Tuesday,FINCH WEST FWLRT STATI,EXAC,5,15,W,6501
160,2025-12-16,FW,15:21,Tuesday,MOUNT OLIVE STOP,EXCE,25,32,W,6503
161,2025-12-17,FW,05:41,Wednesday,HUMBER COLLEGE STOP,EXO,0,0,E,6517
162,2025-12-17,FW,06:51,Wednesday,NORFINCH OAKDALE STOP,EXO,5,11,W,6507
163,2025-12-17,FW,06:58,Wednesday,JANE FWLRT STOP,EXAC,0,0,W,6516
164,2025-12-17,FW,07:00,Wednesday,HUMBER COLLEGE STOP,EXO,0,0,E,6515
165,2025-12-17,FW,07:04,Wednesday,EMERY STOP,EXO,0,0,W,6517
166,2025-12-17,FW,07:13,Wednesday,MILVAN RUMIKE STOP,EXO,0,0,W,6516
167,2025-12-17,FW,07:16,Wednesday,SIGNET ARROW STOP,EXO,0,0,W,6508
168,2025-12-17,FW,07:28,Wednesday,JANE FWLRT STOP,EXO,6,12,E,6503
169,2025-12-17,FW,07:45,Wednesday,JANE FWLRT STOP,EXNEA,6,12,E,0
170,2025-12-17,FW,09:54,Wednesday,HUMBER COLLEGE STOP,TXOVS,3,10,E,6511
171,2025-12-17,FW,10:17,Wednesday,FINCH WEST FWLRT STATI,EXO,5,12,W,0
172,2025-12-17,FW,10:40,Wednesday,MILVAN RUMIKE STOP,EXAC,55,62,W,6517
173,2025-12-17,FW,12:13,Wednesday,TOBERMORY STOP,EXO,0,0,W,6505
174,2025-12-17,FW,15:20,Wednesday,FWMSF,EXYRD,6,12,W,6517
175,2025-12-17,FW,15:57,Wednesday,NORTH HANDOVER,EXO,6,12,W,6517
176,2025-12-17,FW,16:14,Wednesday,JANE AND FINCH,EXNEA,6,12,E,0
177,2025-12-17,FW,17:17,Wednesday,FINCH WEST FWLRT STATI,EXO,10,20,W,6515
178,2025-12-17,FW,17:36,Wednesday,SENTINEL STOP,EXBK,5,15,None,6511
179,2025-12-17,FW,19:33,Wednesday,HUMBER COLLEGE STOP,EXAC,10,20,None,6504
180,2025-12-17,FW,20:25,Wednesday,DRIFTWOOD STOP,TXS,15,25,E,6503
181,2025-12-17,FW,20:34,Wednesday,DUNCANWOODS STOP,EXATC,8,18,W,6502
182,2025-12-18,FW,03:13,Thursday,145 HUMBER COLLEGE BLV,PXEAS,0,0,None,0
183,2025-12-18,FW,05:07,Thursday,HOPP 1,EXO,0,0,None,0
184,2025-12-18,FW,05:12,Thursday,NORFINCH OAKDALE STOP,EXCE,0,0,None,6509
185,2025-12-18,FW,05:17,Thursday,HUMBER 2 PLATFORM,EXO,0,0,W,6511
186,2025-12-18,FW,06:54,Thursday,WESTMORE STOP,PXTS,5,11,W,6502
187,2025-12-18,FW,07:24,Thursday,HUMBER COLLEGE STOP,PXSW,3,9,E,6516
188,2025-12-18,FW,07:47,Thursday,JANE AND FINCH,EXNEA,6,12,E,0
189,2025-12-18,FW,08:09,Thursday,STEVENSON STOP,EXTM,3,9,E,6505
190,2025-12-18,FW,10:45,Thursday,MILVAN RUMIKE STOP,EXBO,3,13,E,6515
191,2025-12-18,FW,11:00,Thursday,DRIFTWOOD STOP,EXTM,3,13,E,6515
192,2025-12-18,FW,11:45,Thursday,SIGNET ARROW STOP,MXO,10,20,W,6511
193,2025-12-18,FW,13:09,Thursday,SENTINEL STOP,MXO,5,15,W,6515
194,2025-12-18,FW,13:23,Thursday,FWLRT YARD,PXSW,0,0,None,0
195,2025-12-18,FW,15:12,Thursday,HAND OVER PLATFORM,EXCE,6,12,E,6505
196,2025-12-18,FW,15:19,Thursday,HUMBER COLLEGE STOP,EXCE,6,12,E,6503
197,2025-12-18,FW,18:56,Thursday,JANE FWLRT STOP,EXNEA,6,12,E,0
198,2025-12-19,FW,06:36,Friday,FINCH WEST FWLRT STATI,EXO,10,20,W,6500
199,2025-12-19,FW,07:47,Friday,JANE FWLRT STOP,EXNEA,10,20,E,0
200,2025-12-19,FW,09:38,Friday,SENTINEL STOP,TXOVS,0,0,S,6508
201,2025-12-19,FW,09:40,Friday,SENTINEL STOP,TXOVS,0,0,E,6509
202,2025-12-19,FW,09:46,Friday,DRIFTWOOD STOP,MXIE,14,24,W,6508
203,2025-12-19,FW,10:22,Friday,NORFINCH OAKDALE STOP,EXAC,4,10,W,6511
204,2025-12-19,FW,10:31,Friday,FINCH WEST FWLRT STATI,SXUEG,5,12,E,6506
205,2025-12-19,FW,12:04,Friday,HUMBER COLLEGE STOP,EXO,0,0,E,6513
206,2025-12-19,FW,15:35,Friday,DRIFTWOOD STOP,MXIR,154,160,E,6506
207,2025-12-19,FW,17:47,Friday,JANE FWLRT STOP,EXNEA,6,12,E,0
208,2025-12-20,FW,09:18,Saturday,SENTINEL STOP,SXDP,0,0,None,6513
209,2025-12-20,FW,10:41,Saturday,SIGNET ARROW STOP TO F,MXUS,7,10,E,6513
210,2025-12-20,FW,10:53,Saturday,HUMBER COLLEGE STOP,SXUEG,0,0,None,0
211,2025-12-20,FW,11:31,Saturday,FINCH WEST FWLRT STATI,MXO,10,20,W,6502
212,2025-12-20,FW,11:44,Saturday,DUNCANWOODS STOP,TXOVS,3,13,W,6514
213,2025-12-20,FW,13:03,Saturday,FINCH WEST FWLRT STATI,EXAC,10,20,None,6505
214,2025-12-20,FW,13:25,Saturday,FINCH WEST FWLRT STATI,TXO,10,20,W,6500
215,2025-12-20,FW,14:47,Saturday,JANE FWLRT STOP,MXPAA,0,0,W,6511
216,2025-12-20,FW,14:48,Saturday,DUNCANWOODS STOP,TXOVS,3,13,W,6516
217,2025-12-20,FW,14:52,Saturday,FINCH WEST FWLRT STATI,MXIE,14,28,W,6505
218,2025-12-20,FW,15:02,Saturday,FINCH WEST FWLRT STATI,EXO,10,20,W,6514
219,2025-12-20,FW,17:26,Saturday,SIGNET ARROW STOP,EXAC,10,20,W,6514
220,2025-12-20,FW,22:05,Saturday,FINCH WEST FWLRT STATI,SXO,0,0,None,0
221,2025-12-21,FW,08:32,Sunday,JANE FWLRT STOP,PXDCS,5,15,E,6507
222,2025-12-21,FW,12:11,Sunday,JANE FWLRT STOP,EXTM,3,13,W,6503
223,2025-12-21,FW,12:30,Sunday,PEARLDALE STOP,EXTM,0,0,W,6503
224,2025-12-21,FW,17:59,Sunday,MILVAN RUMIKE STOP TO,MXUS,8,18,E,6511
225,2025-12-21,FW,21:19,Sunday,MOUNT OLIVE STOP,MXD,0,0,W,6513
226,2025-12-21,FW,21:38,Sunday,SENTINEL STOP,MXD,0,0,E,6515
227,2025-12-21,FW,21:49,Sunday,FINCH WEST FWLRT STATI,EXGA,0,0,E,6503
228,2025-12-22,FW,07:06,Monday,HUMBER COLLEGE STOP,EXBO,6,12,E,6515
229,2025-12-22,FW,07:30,Monday,FINCH WEST FWLRT,EXAC,5,11,W,6505
230,2025-12-22,FW,10:47,Monday,JANE FWLRT STOP,EXTM,0,0,W,6507
231,2025-12-22,FW,12:13,Monday,DRIFTWOOD STOP,EXYRD,5,14,W,6502
232,2025-12-22,FW,12:56,Monday,JANE FWLRT STOP,MXUS,6,15,E,6500
233,2025-12-22,FW,14:09,Monday,STEVENSON STOP,EXTR,3,12,E,6508
234,2025-12-22,FW,14:18,Monday,DUNCANWOODS STOP,TXOVS,0,0,W,6507
235,2025-12-22,FW,16:10,Monday,HUMBER COLLEGE STOP,MXTO,7,14,E,6513
236,2025-12-22,FW,16:12,Monday,HUMBER COLLEGE STOP,MXTO,0,0,E,6502
237,2025-12-22,FW,16:24,Monday,WESTMORE (APPROACHING),TXOVS,0,0,E,6502
238,2025-12-22,FW,16:45,Monday,ROWNTREE MILLS STOP,TXOVS,3,10,W,6509
239,2025-12-22,FW,17:21,Monday,PEARLDALE STOP,TXOVS,0,0,E,6515
240,2025-12-22,FW,19:42,Monday,NORFINCH OAKDALE STOP,EXBK,35,45,E,6511
241,2025-12-22,FW,23:08,Monday,FINCH WEST FWLRT STATI,TXST,0,0,None,0
242,2025-12-23,FW,06:46,Tuesday,FINCH WEST LRV STOP,EXO,7,17,W,6515
243,2025-12-23,FW,08:30,Tuesday,FINCH WEST FWLRT STATI,MXTO,7,14,W,6515
244,2025-12-23,FW,11:23,Tuesday,HUMBER COLLEGE STOP,TXSUP,3,13,None,6500
245,2025-12-23,FW,14:49,Tuesday,HUMBER COLLEGE STOP,EXO,5,15,W,6500
246,2025-12-23,FW,16:07,Tuesday,FINCH WEST FWLRT STATI,MXTO,9,15,E,6513
247,2025-12-23,FW,17:54,Tuesday,APPRAOACHING AT FINCH,EXBK,16,10,E,6506
248,2025-12-23,FW,18:45,Tuesday,FINCH WEST FWLRT STATI,TXO,3,13,W,6502
249,2025-12-23,FW,19:22,Tuesday,FINCH WEST YARD,EXO,0,0,E,6504
250,2025-12-23,FW,20:56,Tuesday,FINCH WEST FWLRT STATI,MXTO,8,20,E,6500
251,2025-12-23,FW,21:48,Tuesday,NORFINCH OAKDALE STOP,TXOVS,0,0,E,6508
252,2025-12-24,FW,08:00,Wednesday,FINCH WEST FWLRT STATI,EXGA,10,17,W,6507
253,2025-12-24,FW,09:40,Wednesday,MARTIN GROVE STOP,TXOVS,3,10,E,6506
254,2025-12-24,FW,10:37,Wednesday,NORFINCH OAKDALE STOP,TXOVS,0,0,E,6513
255,2025-12-24,FW,20:28,Wednesday,JANE FWLRT STOP,TXOVS,0,0,W,6503
256,2025-12-24,FW,21:11,Wednesday,FINCH WEST FWLRT STATI,SXUEG,0,0,W,6514
257,2025-12-24,FW,21:50,Wednesday,SENTINEL STOP,MXUS,15,29,E,6504
258,2025-12-25,FW,11:25,Thursday,FINCH WEST FWLRT STATI,MXTO,5,15,W,6512
259,2025-12-25,FW,12:31,Thursday,SENTINEL STOP,TXOVS,0,0,E,6501
260,2025-12-25,FW,14:04,Thursday,TOBERMORY STOP,EXATC,0,0,E,6516
261,2025-12-25,FW,19:29,Thursday,MOUNT OLIVE STOP,EXBO,5,15,W,6502
262,2025-12-25,FW,20:30,Thursday,WESTMORE TO MILVAN RU,MXGD,0,0,None,0
263,2025-12-25,FW,22:52,Thursday,FINCH WEST FWLRT STATI,MXO,0,0,None,0
264,2025-12-26,FW,06:34,Friday,FINCH AVENUE AND HIGHW,MXAFR,114,124,W,6502
265,2025-12-26,FW,07:28,Friday,JANE FWLRT STOP,TXNOA,10,20,E,0
266,2025-12-26,FW,07:29,Friday,FINCH WEST TO SENTINEL,PXDCS,202,212,E,6511
267,2025-12-26,FW,09:20,Friday,FINCH WEST FWLRT STATI,PXSW,10,20,None,0
268,2025-12-26,FW,10:48,Friday,HUMBER COLLEGE STOP,PXSW,355,365,None,0
269,2025-12-26,FW,11:20,Friday,FINCH WEST FWLRT STATI,EXAC,10,20,E,6511
270,2025-12-26,FW,13:40,Friday,HUMBER COLLEGE STOP (A,EXO,122,132,W,6505
271,2025-12-26,FW,14:45,Friday,SENTINAL STOP,EXWS,10,20,E,6503
272,2025-12-26,FW,15:24,Friday,JANE FWLRT STOP,PXSW,78,89,W,6503
273,2025-12-26,FW,15:59,Friday,HUMBER COLLEGE STOP,MXIS,0,0,None,0
274,2025-12-26,FW,17:09,Friday,FINCH WEST FWLRT STATI,MXNOA,10,20,W,0
275,2025-12-26,FW,17:22,Friday,YORKGATE,PXSW,0,0,W,0
276,2025-12-26,FW,18:32,Friday,FINCH WEST FWLRT STATI,TXNOA,12,24,W,0
277,2025-12-26,FW,00:12,Friday,YORKGATE,PXSW,0,0,None,0
278,2025-12-27,FW,02:44,Friday,DUNCANWOODS STOP,PXSW,0,0,None,0
279,2025-12-27,FW,02:58,Friday,YORKGATE BLVD,PXSW,0,0,E,0
280,2025-12-27,FW,05:37,Friday,NORFINCH OAKDALE STOP,TXCL,5,19,W,6506
281,2025-12-27,FW,06:32,Friday,FINCH WEST FWLRT STATI,SXUEG,7,22,E,6501
282,2025-12-27,FW,08:05,Friday,HUMBER COLLEGE STOP,MXIE,0,0,None,0
283,2025-12-27,FW,09:58,Friday,HUMBER COLLEGE STOP,EXBO,5,15,E,6502
284,2025-12-27,FW,12:06,Friday,JANE AND FINCH,MXWEA,5,15,W,6505
285,2025-12-27,FW,12:19,Friday,HUMBER COLLEGE STOP,MXO,3,13,W,6504
286,2025-12-27,FW,17:49,Friday,DRIFTWOOD STOP,EXAC,0,0,W,6506
287,2025-12-27,FW,20:06,Friday,HUMBER COLLEGE STOP,TXNIP,15,27,None,6501
288,2025-12-27,FW,20:29,Friday,HUMBER COLLEGE STOP,EXGA,0,0,None,0
289,2025-12-27,FW,01:43,Friday,DUNCANWOODS STOP,PXSW,0,0,E,0
290,2025-12-28,FW,08:47,Sunday,FINCH WEST FWLRT STATI,EXAC,7,17,W,6506
291,2025-12-28,FW,08:49,Sunday,FINCH WEST FWLRT STATI,EXAC,10,20,None,6515
292,2025-12-28,FW,09:01,Sunday,HUMBER COLLEGE STOP,PXSW,10,20,E,6504
293,2025-12-28,FW,09:14,Sunday,DRIFTWOOD STOP,EXBK,3,13,E,6501
294,2025-12-28,FW,09:59,Sunday,HUMBER COLLEGE STOP,PXSW,10,20,W,6513
295,2025-12-28,FW,10:16,Sunday,FINCH WEST FWLRT STATI,TXO,3,13,W,6514
296,2025-12-28,FW,10:35,Sunday,ROWNTREE MILLS STOP,MXIRS,5,15,E,6501
297,2025-12-28,FW,11:20,Sunday,FINCH WEST FWLRT STATI,EXBK,10,20,W,6501
298,2025-12-28,FW,14:30,Sunday,FINCH WEST FWLRT STATI,EXO,10,20,E,6515
299,2025-12-28,FW,14:37,Sunday,FINCH WEST FWLRT STATI,EXAC,10,20,W,6507
300,2025-12-28,FW,18:16,Sunday,WESTMORE STOP,EXO,0,0,W,6515
301,2025-12-28,FW,18:34,Sunday,JANE FWLRT STOP,EXO,10,20,W,6516
302,2025-12-28,FW,19:30,Sunday,HUMBER COLLEGE STOP,MXPLC,186,198,W,6504
303,2025-12-28,FW,19:55,Sunday,ROWNTREE MILLS STOP,EXAC,12,24,W,6504
304,2025-12-28,FW,20:48,Sunday,FINCH WEST FWLRT STATI,EXCE,12,22,W,6501
305,2025-12-28,FW,22:54,Sunday,TOBERMORY STOP,TXOVS,0,0,W,6513
306,2025-12-28,FW,23:04,Sunday,JANE FWLRT STOP,TXOVS,0,0,W,6504
307,2025-12-29,FW,06:30,Monday,TOBERMORY STOP,EXTM,4,14,W,6505
308,2025-12-29,FW,06:47,Monday,TOBERMORY STOP,EXTM,4,14,W,6504
309,2025-12-29,FW,07:37,Monday,ALBION STOP,EXBO,0,0,W,6515
310,2025-12-29,FW,10:37,Monday,MILVAN RUMIKE STOP,EXTM,0,0,E,6503
311,2025-12-29,FW,14:08,Monday,MOUNT OLIVE STOP,EXDO,3,13,W,6507
312,2025-12-29,FW,15:08,Monday,NORFINCH OAKDALE STOP,EXYRD,17,24,W,6511
313,2025-12-29,FW,15:23,Monday,KENNEDY STATION,MXTO,8,14,W,6237
314,2025-12-29,FW,17:51,Monday,HUMBER COLLEGE STOP,PXSW,0,0,E,6516
315,2025-12-29,FW,19:07,Monday,YORK GATE,PXSW,0,0,None,6509
316,2025-12-29,FW,19:21,Monday,ROWNTREE MILLS STOP,EXO,10,20,W,6507
317,2025-12-29,FW,21:04,Monday,FINCH WEST FWLRT STATI,EXO,13,20,W,6515
318,2025-12-29,FW,21:12,Monday,FINCH WEST STATION CRO,PXSW,0,0,E,6507
319,2025-12-30,FW,05:31,Tuesday,DRIFTWOOD STOP,EXBK,0,0,W,6501
320,2025-12-30,FW,06:59,Tuesday,ROWNTREE MILLS STOP,EXBK,0,0,W,6502
321,2025-12-30,FW,07:04,Tuesday,ALBION STOP,EXBK,0,0,E,6507
322,2025-12-30,FW,11:35,Tuesday,WESTMORE STOP,EXBK,11,21,E,6504
323,2025-12-30,FW,19:00,Tuesday,EMERY STOP,EXDO,5,11,E,6511
324,2025-12-30,FW,20:37,Tuesday,DRIFTWOOD STOP,EXO,10,22,E,6506
325,2025-12-30,FW,20:49,Tuesday,DRIFTWOOD STOP,EXBK,0,0,W,6514
326,2025-12-30,FW,21:33,Tuesday,STEVENSON STOP,TXO,14,26,E,6507
327,2025-12-31,FW,05:51,Wednesday,FINCH WEST FWLRT STATI,EXBK,0,0,W,6500
328,2025-12-31,FW,07:13,Wednesday,HUMBER COLLEGE STOP,PXSW,5,20,W,0
329,2025-12-31,FW,07:26,Wednesday,ALBION STOP,TXOS,17,23,W,6508
330,2025-12-31,FW,07:38,Wednesday,ALBION STOP,TXO,8,14,E,6511
331,2025-12-31,FW,07:48,Wednesday,JANE FWLRT STOP,EXTM,3,9,W,6501
332,2025-12-31,FW,09:05,Wednesday,SIGNET ARROW STOP,MXWEA,3,9,W,6513
333,2025-12-31,FW,09:17,Wednesday,HUMBER COLLEGE,EXWA,6,12,W,6506
334,2025-12-31,FW,09:32,Wednesday,ALBION STOP,MXWEA,3,9,W,6503
335,2025-12-31,FW,11:35,Wednesday,WESTMORE STOP,MXWEA,9,16,E,6503
336,2025-12-31,FW,12:05,Wednesday,SENTINEL STOP,EXTR,5,15,W,6515
337,2025-12-31,FW,12:17,Wednesday,EMERY STOP,MXWEA,4,10,W,6513
338,2025-12-31,FW,12:38,Wednesday,MILVAN RUMIKE STOP,MXWEA,4,14,W,6513
339,2025-12-31,FW,13:29,Wednesday,SENTINEL STOP,MXD,4,14,W,6511
340,2025-12-31,FW,13:29,Wednesday,JANE FWLRT STOP,MXWEA,4,14,E,6515
341,2025-12-31,FW,13:43,Wednesday,HUMBER COLLEGE STOP,MXUS,4,14,None,6516
342,2025-12-31,FW,15:06,Wednesday,NORFINCH OAKDALE STOP,MXWEA,4,14,E,6504
343,2025-12-31,FW,17:06,Wednesday,HUMBER COLLEGE STOP,EXAC,6,12,W,6503
344,2025-12-31,FW,17:27,Wednesday,SIGNET ARROW STOP,EXSA,6,12,E,6502
345,2025-12-31,FW,17:55,Wednesday,MOUNT OLIVE STOP,TXOVS,0,0,E,6509
346,2025-12-31,FW,18:19,Wednesday,MARTIN GROVE STOP,EXAC,4,14,W,6512
347,2025-12-31,FW,19:09,Wednesday,SIGNET ARROW STOP,MXWEA,4,14,E,6513
348,2025-12-31,FW,19:11,Wednesday,EMERY STOP,MXD,4,14,W,6501
349,2025-12-31,FW,21:02,Wednesday,SENTINEL STOP,EXBK,4,14,E,6504
350,2025-12-31,FW,22:37,Wednesday,NORFINCH OAKDALE STOP,EXBK,0,0,E,6504
351,2026-01-01,FW,08:25,Thursday,SENTINEL STOP,PXSTP,57,67,W,6513
352,2026-01-01,FW,09:08,Thursday,DUNCANWOODS STOP,MXO,6,16,E,6516
353,2026-01-01,FW,10:01,Thursday,TOBERMORY STOP,PXSTP,28,38,E,6509
354,2026-01-01,FW,10:29,Thursday,JANE FWLRT STOP,EXBK,3,13,W,6501
355,2026-01-01,FW,10:55,Thursday,ROWNTREE MILLS STOP,EXBK,95,105,E,6508
356,2026-01-01,FW,11:25,Thursday,MILVAN RUMIKE STOP,PXTIS,0,0,E,6507
357,2026-01-01,FW,11:35,Thursday,MOUNT OLIVE STOP,EXTR,3,13,E,6511
358,2026-01-01,FW,16:05,Thursday,TOBERMORY STOP,EXSA,10,20,E,6511
359,2026-01-01,FW,17:04,Thursday,SENTINEL STOP,EXDO,5,15,W,6501
360,2026-01-01,FW,17:55,Thursday,ROWNTREE MILLS STOP,EXSA,10,20,W,6501
361,2026-01-01,FW,20:37,Thursday,HUMBER COLLEGE STOP,MXTO,8,18,E,6516
362,2026-01-02,FW,05:14,Friday,SENTINEL STOP,MXWEA,4,10,W,6514
363,2026-01-02,FW,05:22,Friday,HUMBER COLLEGE STOP,PXSW,7,14,None,0
364,2026-01-02,FW,05:28,Friday,JANE FWLRT STOP,TXNOA,7,14,W,6514
365,2026-01-02,FW,05:28,Friday,JANE FWLRT STOP,MXWEA,4,10,W,6514
366,2026-01-02,FW,05:34,Friday,JANE FWLRT STOP,MXO,6,0,E,6500
367,2026-01-02,FW,07:21,Friday,DRIFTWOOD STOP,MXWEA,4,10,W,6508
368,2026-01-02,FW,07:52,Friday,SIGNET ARROW STOP,MXWEA,4,10,W,6513
369,2026-01-02,FW,08:17,Friday,JANE FWLRT STOP,MXWEA,4,10,E,6514
370,2026-01-02,FW,08:30,Friday,EMERY STOP,MXWEA,4,10,W,6516
371,2026-01-02,FW,09:06,Friday,ALBION STOP,MXWEA,4,10,E,6501
372,2026-01-02,FW,09:27,Friday,EMERY STOP,MXWEA,4,10,E,6501
373,2026-01-02,FW,09:40,Friday,EMERY STOP,EXTM,7,13,E,6501
374,2026-01-02,FW,09:56,Friday,EMERY STOP,MXWEA,4,0,E,6509
375,2026-01-02,FW,09:56,Friday,EMERY STOP,MXWEA,4,10,E,6509
376,2026-01-02,FW,18:16,Friday,SENTINEL STOP,EXDO,11,18,W,6508
377,2026-01-02,FW,21:47,Friday,EMERY STOP,SXPOL,23,37,W,6517
378,2026-01-03,FW,06:00,Saturday,HUMBER COLLEGE STOP,MXI,46,0,W,6509
379,2026-01-03,FW,08:56,Saturday,MILVAN RUMIKE STOP,EXO,0,0,E,6515
380,2026-01-03,FW,09:04,Saturday,FINCH WEST FWLRT STATI,EXAC,0,0,None,6504
381,2026-01-03,FW,10:11,Saturday,EMERY STOP,EXO,5,0,W,6503
382,2026-01-03,FW,10:16,Saturday,ALBION STOP,EXO,0,0,E,6501
383,2026-01-03,FW,10:29,Saturday,HUMBER COLLEGE STOP,MXTO,6,16,E,6514
384,2026-01-03,FW,10:29,Saturday,MILVAN RUMIKE STOP,EXO,18,28,W,6503
385,2026-01-03,FW,11:16,Saturday,FINCH WEST FWLRT STATI,EXCE,0,0,W,6514
386,2026-01-03,FW,12:04,Saturday,FINCH WEST FWLRT STATI,EXCE,0,0,W,6503
387,2026-01-03,FW,12:24,Saturday,ROWNTREE MILLS STOP,EXO,3,0,E,6515
388,2026-01-03,FW,13:12,Saturday,ALBION STOP,EXO,0,0,E,6503
389,2026-01-03,FW,14:46,Saturday,HUMBER COLLEGE STOP,EXO,10,20,E,6503
390,2026-01-03,FW,15:42,Saturday,FINCH WEST FWLRT STATI,TXNIP,10,20,W,6503
391,2026-01-03,FW,17:08,Saturday,HUMBER COLLEGE STOP,MXUS,19,29,E,6502
392,2026-01-03,FW,17:13,Saturday,MOUNT OLIVE STOP,EXO,3,13,E,6502
393,2026-01-04,FW,09:52,Sunday,DRIFTWOOD STOP,EXSA,10,20,E,6504
394,2026-01-04,FW,11:54,Sunday,WESTMORE STOP,EXO,10,20,E,6513
395,2026-01-04,FW,12:59,Sunday,FINCH WEST FWLRT STATI,PXSO,5,15,W,6501
396,2026-01-04,FW,13:16,Sunday,FINCH WEST FWLRT STATI,EXTM,7,17,W,6501
397,2026-01-04,FW,17:47,Sunday,STEVENSON STOP,EXDO,8,18,E,6502
398,2026-01-04,FW,19:11,Sunday,HUMBER COLLEGE STOP,TXO,5,15,None,6517
399,2026-01-04,FW,01:49,Sunday,DRIFTWOOD STOP,PXSW,0,0,W,0
400,2026-01-05,FW,04:16,Monday,TOBERMORY STOP,PXSW,0,0,W,0
401,2026-01-05,FW,06:01,Monday,FINCH WEST FWLRT STATI,EXWM,4,14,W,6500
402,2026-01-05,FW,07:29,Monday,HUMBER COLLEGE STOP,PXSW,80,87,None,6500
403,2026-01-05,FW,07:42,Monday,MARTIN GROVE STOP,PXSW,5,12,None,6514
404,2026-01-05,FW,07:53,Monday,FINCH WEST FWLRT STATI,PXSW,3,12,None,6516
405,2026-01-05,FW,10:10,Monday,FINCH WEST FWLRT STATI,EXAC,5,17,None,6500
406,2026-01-05,FW,10:14,Monday,HUMBER COLLEGE STOP,EXO,8,17,E,6511
407,2026-01-05,FW,15:38,Monday,EMERY STOP,SXPOL,8,14,W,6503
408,2026-01-05,FW,21:52,Monday,SENTINEL STOP,EXBK,12,24,W,6509
409,2026-01-06,FW,07:50,Tuesday,SENTINEL STOP,EXO,0,0,W,6500
410,2026-01-06,FW,08:56,Tuesday,MILVAN RUMIKE STOP,PXSW,0,0,E,6504
411,2026-01-06,FW,10:15,Tuesday,YORK GATE YARD,EXO,0,0,W,6505
412,2026-01-06,FW,13:20,Tuesday,HUMBER COLLEGE STOP,SXDP,44,51,W,6515
413,2026-01-06,FW,14:25,Tuesday,HANDOVER,PXSW,0,0,None,0
414,2026-01-06,FW,15:05,Tuesday,HANDOVER,PXSW,15,21,None,0
415,2026-01-06,FW,15:33,Tuesday,MARTIN GROVE STOP,EXHV,0,0,W,6500
416,2026-01-06,FW,15:59,Tuesday,MILVAN RUMIKE STOP,TXCC,14,20,W,6514
417,2026-01-06,FW,16:21,Tuesday,NORFINCH OAKDALE STOP,MXO,0,0,None,0
418,2026-01-06,FW,16:55,Tuesday,HUMBER COLLEGE STOP,EXGA,0,0,None,6514
419,2026-01-06,FW,17:14,Tuesday,DUNCANWOODS STOP,EXO,0,0,E,6517
420,2026-01-06,FW,18:13,Tuesday,HUMBER COLLEGE STOP,EXDO,16,22,E,6517
421,2026-01-07,FW,05:25,Wednesday,SENTINEL STOP,PXSAC,15,27,W,6504
422,2026-01-07,FW,05:44,Wednesday,WESTMORE STOP,PXSAC,12,24,E,6503
423,2026-01-07,FW,05:45,Wednesday,JANE FWLRT STOP,PXSAC,5,0,E,6517
424,2026-01-07,FW,05:46,Wednesday,FINCH WEST FWLRT STATI,PXSAC,9,0,W,6502
425,2026-01-07,FW,05:46,Wednesday,JANE FWLRT STOP,EXNEA,5,10,E,0
426,2026-01-07,FW,06:46,Wednesday,STEVENSON STOP,EXDO,5,12,W,6517
427,2026-01-07,FW,09:48,Wednesday,MILVAN RUMIKE STOP,MXAFR,56,65,W,6517
428,2026-01-07,FW,23:12,Wednesday,FINCH WEST HAND OFF MS,PXSW,0,0,None,0
429,2026-01-08,FW,05:33,Thursday,WESTMORE STOP,EXO,8,17,E,6502
430,2026-01-08,FW,07:44,Thursday,WESTMORE STOP,EXCE,13,22,W,6507
431,2026-01-08,FW,07:48,Thursday,ALBION STOP,EXAC,9,18,W,6508
432,2026-01-08,FW,10:22,Thursday,EMERY STOP,EXTM,24,34,W,6516
433,2026-01-08,FW,10:49,Thursday,FINCH WEST FWLRT STATI,TXO,6,16,E,6515
434,2026-01-08,FW,15:05,Thursday,JANE FWLRT STOP,PXATC,10,16,E,6508
435,2026-01-08,FW,15:44,Thursday,JANE FWLRT STOP,PXSW,6,12,E,6502
436,2026-01-08,FW,21:22,Thursday,ALBION STOP,EXBK,4,11,E,6508
437,2026-01-09,FW,08:11,Friday,SIGNET ARROW STOP,TXOVS,3,9,E,6501
438,2026-01-09,FW,08:25,Friday,FINCH AND ROMFIELD- FI,SXPOL,3,9,W,6501
439,2026-01-09,FW,08:28,Friday,HUMBER COLLEGE STOP,MXTO,5,11,E,6509
440,2026-01-09,FW,13:04,Friday,EMERY STOP,MXPAA,3,9,W,6506
441,2026-01-09,FW,13:28,Friday,APROACHING NORFINCH,MXO,4,11,E,6514
442,2026-01-09,FW,15:40,Friday,MILVAN RUMIKE STOP TO,TXO,10,17,E,6514
443,2026-01-09,FW,17:01,Friday,ROWNTREE MILLS STOP,EXDO,14,20,E,6508
444,2026-01-10,FW,06:16,Saturday,WESTMORE STOP,EXAC,10,25,E,6503
445,2026-01-10,FW,07:34,Saturday,FINCH WEST FWLRT STATI,EXGA,0,0,W,6511
446,2026-01-10,FW,08:11,Saturday,FINCH WEST FWLRT STATI,EXAC,10,15,W,6513
447,2026-01-10,FW,13:32,Saturday,SIGNET ARROW STOP,EXDO,9,18,W,6507
448,2026-01-11,FW,08:32,Sunday,SENTINEL STOP,TXOVS,3,13,E,6511
449,2026-01-11,FW,12:53,Sunday,FINCH WEST FWLRT STATI,EXAC,0,0,W,6509
450,2026-01-11,FW,13:40,Sunday,EMERY STOP,MXD,0,0,E,6508
451,2026-01-11,FW,13:44,Sunday,STEVENSON STOP,EXWA,4,14,W,6506
452,2026-01-11,FW,14:33,Sunday,NORFINCH OAKDALE STOP,EXWA,5,15,E,6506
453,2026-01-11,FW,15:03,Sunday,MARTIN GROVE STOP,MXUS,10,20,W,6515
454,2026-01-11,FW,15:21,Sunday,HUMBER COLLEGE STOP,TXTO,6,16,E,6515
455,2026-01-11,FW,16:14,Sunday,SENTINEL STOP,TXTO,10,20,E,6515
456,2026-01-11,FW,17:16,Sunday,MOUNT OLIVE STOP,TXO,20,30,E,6515
457,2026-01-11,FW,17:51,Sunday,FINCH WEST FWLRT STATI,SXUEG,10,20,W,6515
458,2026-01-11,FW,19:16,Sunday,FINCH WEST FWLRT STATI,EXCE,0,0,W,6513
459,2026-01-12,FW,05:08,Monday,SIGNET ARROW STOP,PXSW,187,197,W,6513
460,2026-01-12,FW,06:00,Monday,TORONTO TRANSIT COMMIS,MXO,0,0,None,0
461,2026-01-12,FW,10:59,Monday,SENTINEL STOP,TXO,3,13,W,6504
462,2026-01-12,FW,12:13,Monday,TOBERMORY STOP (APPROA,TXOVS,3,13,W,6501
463,2026-01-12,FW,12:25,Monday,WESTMORE STOP,TXO,3,13,W,6514
464,2026-01-12,FW,14:26,Monday,FINCH WEST FWLRT STATI,EXAC,7,14,W,6512
465,2026-01-12,FW,15:42,Monday,FINCH WEST FWLRT STATI,TXO,4,11,W,6501
466,2026-01-12,FW,16:27,Monday,FINCH WEST FWLRT STATI,TXO,4,11,W,6517
467,2026-01-12,FW,17:59,Monday,LINE 6,MXO,0,0,None,0
468,2026-01-12,FW,19:26,Monday,NORFINCH OAKDALE STOP,SXDP,0,0,E,6516
469,2026-01-13,FW,06:02,Tuesday,FINCH WEST FWLRT LINE,EXO,0,0,None,0
470,2026-01-13,FW,07:45,Tuesday,JANE FWLRT STOP,EXYRD,3,10,E,0
471,2026-01-13,FW,08:45,Tuesday,FINCH WEST FWLRT STATI,TXOVS,3,10,E,6517
472,2026-01-13,FW,09:32,Tuesday,FINCH WEST FWLRT STATI,TXOVS,3,10,E,6516
473,2026-01-13,FW,09:34,Tuesday,PEARLDALE STOP,TXO,3,10,W,6501
474,2026-01-13,FW,09:54,Tuesday,JANE FWLRT STOP,TXOVS,0,0,W,6503
475,2026-01-13,FW,10:21,Tuesday,DRIFTWOOD STOP,TXOVS,3,10,W,6517
476,2026-01-13,FW,14:16,Tuesday,JANE FWLRT STOP,PXSW,5,10,W,6517
477,2026-01-13,FW,14:28,Tuesday,MARTIN GROVE STOP,MXUS,10,20,E,6514
478,2026-01-13,FW,15:53,Tuesday,TOBERMORY STOP,PXSCR,0,0,E,6501
479,2026-01-13,FW,16:22,Tuesday,NORFINCH OAKDALE STOP,SXDP,19,29,W,6511
480,2026-01-13,FW,17:29,Tuesday,HUMBER COLLEGE STOP,EXO,5,15,E,6514
481,2026-01-13,FW,18:12,Tuesday,PEARLDALE STOP,SXDP,5,15,W,6501
482,2026-01-13,FW,18:23,Tuesday,ROWNTREE MILLS STOP,SXO,10,20,W,6502
483,2026-01-13,FW,19:28,Tuesday,TOBERMORY STOP,EXO,0,0,E,6505
484,2026-01-13,FW,20:51,Tuesday,HUMBER COLLEGE STOP,EXAC,0,0,E,6507
485,2026-01-14,FW,05:34,Wednesday,FINCH WEST FWLRT STATI,EXNEA,9,18,E,0
486,2026-01-14,FW,06:00,Wednesday,TORONTO TRANSIT COMMIS,MXO,0,0,None,0
487,2026-01-14,FW,10:12,Wednesday,HUMBER COLLEGE STOP,EXO,6,15,None,6502
488,2026-01-14,FW,10:41,Wednesday,FINCH WEST FWLRT STATI,MXTD,0,0,None,6505
489,2026-01-14,FW,10:58,Wednesday,TOBERMORY STOP,EXBK,4,13,E,6514
490,2026-01-14,FW,14:55,Wednesday,MILVAN RUMIKE STOP,EXBK,32,39,W,6514
491,2026-01-14,FW,16:10,Wednesday,HANDOVER - HOP,EXNEA,7,14,None,0
492,2026-01-14,FW,16:12,Wednesday,HANDOVER - HOP,EXNEA,7,14,None,0
493,2026-01-14,FW,17:47,Wednesday,JANE FWLRT STOP,EXBK,7,14,W,6514
494,2026-01-14,FW,01:00,Wednesday,FINCH WEST FWLRT STATI,MXST,0,0,None,0
495,2026-01-15,FW,04:37,Thursday,HANDOVER PLATFORMS,MXWEA,0,0,E,6502
496,2026-01-15,FW,05:19,Thursday,JANE FWLRT STOP,MXWEA,10,0,None,6515
497,2026-01-15,FW,05:31,Thursday,NORFINCH OAKDALE STOP,MXWEA,10,20,W,6516
498,2026-01-15,FW,07:08,Thursday,HUMBER COLLEGE STOP,MXWEA,10,20,W,6514
499,2026-01-15,FW,07:11,Thursday,SIGNET ARROW STOP,PXDCS,10,20,E,6502
500,2026-01-15,FW,07:26,Thursday,FINCH WEST FWLRT STATI,MXWEA,6,12,W,6517
501,2026-01-15,FW,07:34,Thursday,FINCH WEST LRT,MXWEA,7,14,None,6503
502,2026-01-15,FW,10:09,Thursday,JANE FWLRT STOP,EXDO,10,0,E,6502
503,2026-01-15,FW,10:35,Thursday,WESTMORE STOP,EXDO,21,0,E,6515
504,2026-01-15,FW,18:13,Thursday,NORFINCH OAKDALE STOP,MXWEA,6,12,W,0
505,2026-01-15,FW,18:19,Thursday,JANE FWLRT STOP,MXWEA,6,12,E,0
506,2026-01-15,FW,18:22,Thursday,NORFINCH OAKDALE STOP,MXWEA,6,12,W,0
507,2026-01-15,FW,18:23,Thursday,JANE FWLRT STOP,MXWEA,6,12,E,0
508,2026-01-15,FW,18:29,Thursday,JANE FWLRT STOP,MXWEA,6,12,E,0
509,2026-01-15,FW,19:10,Thursday,FINCH WEST FWLRT STATI,MXWEA,10,20,W,0
510,2026-01-15,FW,19:14,Thursday,FINCH WEST FWLRT STATI,MXWEA,10,20,W,0
511,2026-01-15,FW,19:17,Thursday,FINCH WEST FWLRT STATI,MXWEA,10,20,W,0
512,2026-01-15,FW,19:20,Thursday,FINCH WEST FWLRT STATI,MXWEA,10,20,W,0
513,2026-01-15,FW,19:22,Thursday,FINCH WEST FWLRT STATI,MXWEA,10,20,W,0
514,2026-01-15,FW,19:23,Thursday,FINCH WEST FWLRT STATI,MXWEA,10,20,W,0
515,2026-01-15,FW,19:25,Thursday,FINCH WEST FWLRT STATI,MXWEA,10,20,W,0
516,2026-01-15,FW,19:26,Thursday,FINCH WEST FWLRT STATI,MXWEA,10,20,W,0
517,2026-01-15,FW,19:29,Thursday,FINCH WEST FWLRT STATI,MXWEA,10,20,W,0
518,2026-01-15,FW,19:32,Thursday,FINCH WEST FWLRT STATI,MXWEA,10,20,W,0
519,2026-01-15,FW,19:34,Thursday,FINCH WEST FWLRT STATI,MXWEA,10,20,W,0
520,2026-01-16,FW,04:47,Friday,FINCH WEST LRT (LINE 6,MXWEA,397,404,W,6517
521,2026-01-16,FW,11:49,Friday,NORFINCH OAKDALE STOP,EXCE,10,20,W,6517
522,2026-01-16,FW,12:33,Friday,YORK GATE,PXTIS,42,50,W,6516
523,2026-01-16,FW,13:45,Friday,SENTINEL STOP,EXO,10,16,E,6514
524,2026-01-16,FW,13:58,Friday,ROWNTREE MILLS STOP,PXTIS,11,17,W,0
525,2026-01-16,FW,14:42,Friday,FINCH WEST FWLRT STATI,EXO,5,11,E,6507
526,2026-01-16,FW,15:03,Friday,HUMBER COLLEGE STOP,EXO,6,12,E,6511
527,2026-01-16,FW,15:05,Friday,NORFINCH STOP,EXNEA,6,12,W,0
528,2026-01-16,FW,15:09,Friday,TOBERMORY STOP,EXO,5,11,E,6501
529,2026-01-16,FW,15:11,Friday,JANE FWLRT STOP,EXNEA,6,12,E,0
530,2026-01-16,FW,15:18,Friday,JANE FWLRT STOP,EXNEA,6,12,E,0
531,2026-01-16,FW,15:36,Friday,FINCH WEST FWLRT STATI,EXGA,6,12,None,0
532,2026-01-16,FW,16:06,Friday,FINCH WEST FWLRT STATI,EXO,4,10,None,6507
533,2026-01-16,FW,16:51,Friday,FINCH WEST FWLRT STATI,EXO,3,9,E,6507
534,2026-01-16,FW,17:11,Friday,MILVAN RUMIKE STOP,MXAFR,28,34,E,6504
535,2026-01-16,FW,18:36,Friday,ROWNTREE MILLS STOP,EXO,73,79,E,6507
536,2026-01-17,FW,06:46,Saturday,MILVAN RUMIKE STOP,EXBK,10,17,W,6514
537,2026-01-17,FW,07:10,Saturday,ROWNTREE MILLS STOP,EXBK,7,14,W,6514
538,2026-01-17,FW,07:31,Saturday,FINCH WEST FWLRT STATI,EXO,7,14,W,6505
539,2026-01-17,FW,07:39,Saturday,SENTINEL STOP,EXATC,3,10,E,6509
540,2026-01-17,FW,08:11,Saturday,SENTINEL STOP,EXBK,7,14,W,6514
541,2026-01-17,FW,08:34,Saturday,JANE FWLRT STOP,EXNEA,7,14,E,6505
542,2026-01-17,FW,14:13,Saturday,FINCH WEST FWLRT STATI,EXBK,10,16,E,6511
543,2026-01-17,FW,14:25,Saturday,TOBERMORY STOP,TXTO,6,12,E,6515
544,2026-01-17,FW,15:40,Saturday,DUNCANWOODS STOP (ENTE,TXOVS,0,0,W,6505
545,2026-01-17,FW,16:01,Saturday,FINCH WEST FWLRT STATI,EXCE,10,16,E,6511
546,2026-01-17,FW,19:05,Saturday,FINCH WEST FWLRT STATI,EXCE,3,10,None,6509
547,2026-01-17,FW,19:10,Saturday,FINCH WEST FWLRT STATI,TXNOA,7,14,W,6504
548,2026-01-17,FW,20:36,Saturday,FINCH WEST FWLRT STATI,EXO,3,11,E,6509
549,2026-01-17,FW,21:04,Saturday,FINCH WEST FWLRT STATI,EXO,0,0,E,6511
550,2026-01-18,FW,03:09,Sunday,FINCH WEST AND ROMFIEL,MXAFR,0,0,None,0
551,2026-01-18,FW,07:42,Sunday,YORK GATE AND FINCH WE,PXTIS,7,14,W,6504
552,2026-01-18,FW,16:21,Sunday,FINCH WEST FWLRT STATI,EXO,5,14,W,6515
553,2026-01-18,FW,20:02,Sunday,MILVAN RUMIKE STOP,EXO,0,0,E,6516
554,2026-01-18,FW,20:17,Sunday,MOUNT OLIVE STOP,EXHV,0,0,W,6509
555,2026-01-19,FW,06:18,Monday,SENTINEL STOP,PXTIS,5,12,W,6503
556,2026-01-19,FW,07:45,Monday,FINCH WEST FWLRT STATI,EXNEA,7,14,None,0
557,2026-01-19,FW,13:27,Monday,FINCH WEST FWLRT STATI,SXUEG,7,14,None,0
558,2026-01-19,FW,14:44,Monday,NORFINCH OAKDALE STOP,PXTIS,14,21,W,6506
559,2026-01-19,FW,15:09,Monday,YORKGATE,PXMO,3,10,E,6514
560,2026-01-19,FW,16:29,Monday,HUMBER COLLEGE STOP,TXO,5,12,E,6515
561,2026-01-19,FW,16:33,Monday,HANDOVER PLATFORM,EXNEA,6,12,None,0
562,2026-01-19,FW,17:13,Monday,WESTMORE STOP,TXOVS,0,0,W,6515
563,2026-01-19,FW,17:46,Monday,MILVAN RUMIKE STOP,EXHV,10,17,E,6507
564,2026-01-19,FW,17:50,Monday,MILVAN RUMIKE STOP,TXOVS,0,0,E,6515
565,2026-01-19,FW,18:40,Monday,YORKGATE,PXSO,9,0,E,6517
566,2026-01-19,FW,19:46,Monday,FINCH WEST FWLRT STATI,TXO,4,11,W,6511
567,2026-01-20,FW,04:49,Tuesday,SENTINEL STOP,PXSW,6,16,None,0
568,2026-01-20,FW,05:23,Tuesday,MARTIN GROVE STOP,PXTIS,20,30,E,6517
569,2026-01-20,FW,06:52,Tuesday,MOUNT OLIVE STOP,EXO,308,318,W,6513
570,2026-01-20,FW,07:14,Tuesday,MILVAN RUMIKE STOP,PXSW,7,17,W,6516
571,2026-01-20,FW,08:06,Tuesday,MARTIN GROVE STOP,PXATC,0,0,None,0
572,2026-01-20,FW,08:23,Tuesday,SENTINEL STOP,EXBK,107,117,E,6511
573,2026-01-20,FW,13:21,Tuesday,DUNCANWOODS STOP,SXO,4,14,E,6517
574,2026-01-20,FW,13:55,Tuesday,MILVAN RUMIKE STOP,EXO,0,0,E,6512
575,2026-01-20,FW,13:59,Tuesday,SENTINEL STOP,TXOS,7,16,W,6517
576,2026-01-20,FW,14:42,Tuesday,NORFINCH OAKDALE STOP,EXNEA,6,12,None,0
577,2026-01-20,FW,14:47,Tuesday,NORFINCH OAKDALE STOP,EXNEA,6,12,None,0
578,2026-01-20,FW,15:26,Tuesday,WESTMORE STOP,SXDP,0,0,W,6501
579,2026-01-20,FW,16:44,Tuesday,FINCH WEST FWLRT STATI,EXDO,6,12,W,6515
580,2026-01-20,FW,16:53,Tuesday,ROWNTREE MILLS STOP,MXD,0,0,E,6514
581,2026-01-20,FW,17:09,Tuesday,NORFINCH OAKDALE STOP,EXBK,64,74,W,6515
582,2026-01-20,FW,18:20,Tuesday,FINCH WEST FWLRT STATI,EXAC,0,0,W,6517
583,2026-01-20,FW,18:30,Tuesday,DRIFTWOOD STOP,SXO,0,0,E,0
584,2026-01-20,FW,21:02,Tuesday,DUNCANWOODS STOP,PXSW,6,12,W,6501
585,2026-01-20,FW,21:13,Tuesday,DRIFTWOOD STOP,TXO,0,0,E,6503
586,2026-01-20,FW,21:14,Tuesday,ALBION STOP,SXPOL,21,33,E,6507
587,2026-01-21,FW,04:08,Wednesday,HUMBER COLLEGE STOP,PXSW,0,0,None,0
588,2026-01-21,FW,06:40,Wednesday,HUMBER COLLEGE STOP,EXAC,0,0,E,6504
589,2026-01-21,FW,06:48,Wednesday,JANE AND FINCH,EXNEA,7,14,E,0
590,2026-01-21,FW,07:41,Wednesday,HUMBER COLLEGE STOP,PXEO,0,0,None,0
591,2026-01-21,FW,13:07,Wednesday,STEVENSON STOP,EXTM,10,20,W,6507
592,2026-01-21,FW,14:55,Wednesday,SENTINEL STOP,PXSW,44,51,E,6513
593,2026-01-21,FW,15:38,Wednesday,JANE AND FINCH,EXNEA,7,14,E,0
594,2026-01-21,FW,16:04,Wednesday,MOUNT OLIVE STOP,EXO,0,0,W,6501
595,2026-01-21,FW,16:37,Wednesday,FINCH WEST FWLRT,EXTM,7,14,E,6507
596,2026-01-21,FW,17:02,Wednesday,JANE FWLRT STOP,EXO,7,14,W,6507
597,2026-01-21,FW,17:50,Wednesday,FINCH WEST FWLRT STATI,EXBK,7,14,W,6508
598,2026-01-22,FW,04:46,Thursday,LEAVING HANDOVER,PXSW,0,0,None,0
599,2026-01-22,FW,09:37,Thursday,YORKGATE,PXSW,0,0,W,6514
600,2026-01-22,FW,12:33,Thursday,FINCH WEST FWLRT STATI,EXBK,10,20,W,6512
601,2026-01-22,FW,14:44,Thursday,NORFINCH GATE,PXSW,6,12,W,6509
602,2026-01-22,FW,14:52,Thursday,NORFINCH OAKDALE STOP,EXBK,52,58,W,6503
603,2026-01-22,FW,15:41,Thursday,JANE FWLRT STOP,EXNEA,6,12,E,0
604,2026-01-22,FW,16:07,Thursday,FINCH WEST FWLRT STATI,EXCE,6,12,W,6505
605,2026-01-22,FW,18:09,Thursday,LINE 6,PXSW,50,56,None,0
606,2026-01-24,FW,07:32,Saturday,FINCH WEST FWLRT STATI,EXAC,12,24,W,6504
607,2026-01-24,FW,07:38,Saturday,DUNCANWOODS STOP,EXBK,10,20,E,6505
608,2026-01-24,FW,09:15,Saturday,FINCH WEST FWLRT STATI,EXDO,5,15,E,6503
609,2026-01-24,FW,11:18,Saturday,MT. DENNIS STATION,EXBK,7,14,E,6263
610,2026-01-24,FW,14:29,Saturday,FINCH WEST FWLRT STATI,EXAC,10,20,W,6514
611,2026-01-24,FW,14:45,Saturday,FINCH WEST FWLRT STATI,EXAC,10,20,W,6517
612,2026-01-24,FW,14:48,Saturday,ALBION STOP,EXTM,52,62,E,6509
613,2026-01-24,FW,15:43,Saturday,HUMBER COLLEGE STOP,EXAC,10,20,E,6512
614,2026-01-24,FW,15:50,Saturday,FINCH WEST FWLRT STATI,EXAC,13,23,W,6504
615,2026-01-24,FW,16:43,Saturday,NORFINCH OAKDALE STOP,TXOVS,12,22,W,5611
616,2026-01-24,FW,16:52,Saturday,HUMBER COLLEGE STOP,EXDO,7,17,E,6517
617,2026-01-24,FW,18:44,Saturday,NORFINCH OAKDALE STOP,EXDO,6,16,E,6516
618,2026-01-24,FW,18:47,Saturday,HUMBER COLLEGE STOP,EXO,7,17,W,6508
619,2026-01-24,FW,19:40,Saturday,HUMBER COLLEGE STOP,EXAC,10,20,W,6516
620,2026-01-24,FW,22:07,Saturday,SIGNET ARROW STOP,EXCE,0,0,W,6511
621,2026-01-25,FW,08:52,Sunday,DUNCANWOODS STOP,EXAC,10,20,W,6506
622,2026-01-25,FW,09:12,Sunday,FINCH WEST FWLRT STATI,EXBK,10,20,W,6509
623,2026-01-25,FW,09:15,Sunday,FINCH WEST FWLRT STATI,MXO,7,14,W,6514
624,2026-01-25,FW,09:49,Sunday,FINCH WEST FWLRT STATI,EXO,7,14,W,6504
625,2026-01-25,FW,10:48,Sunday,DRIFTWOOD STOP,PXEME,8,16,E,6507
626,2026-01-25,FW,11:44,Sunday,TOBERMORY STOP,PXSW,20,30,E,6503
627,2026-01-25,FW,12:37,Sunday,YORKGATE YARD,PXSW,30,40,W,6571
628,2026-01-25,FW,12:56,Sunday,YORKGATE,PXSW,30,40,W,0
629,2026-01-25,FW,13:27,Sunday,FINCH WEST FWLRT STATI,PXSW,0,0,E,0
630,2026-01-25,FW,14:06,Sunday,HUMBER COLLEGE STOP,PXSW,10,20,None,0
631,2026-01-25,FW,14:53,Sunday,HUMBER COLLEGE STOP,PXSW,0,0,None,0
632,2026-01-25,FW,15:17,Sunday,HUMBER COLLEGE TO FINC,MXWEA,449,456,None,0
633,2026-01-25,FW,18:12,Sunday,TOBERMORY STOP,PXSW,5,15,E,6512
634,2026-01-25,FW,18:36,Sunday,YORKGATE,EXYRD,0,0,None,0
635,2026-01-25,FW,18:46,Sunday,DRIFTWOOD STOP,EXBK,10,20,E,6517
636,2026-01-25,FW,18:53,Sunday,TOBERMORY STOP,PXSW,0,0,E,0
637,2026-01-25,FW,19:44,Sunday,ALBION STOP,PXSW,0,0,E,6509
638,2026-01-25,FW,00:29,Sunday,HUMBER COLLEGE STOP,TXO,7,14,E,6508
639,2026-01-26,FW,05:45,Monday,FINCH WEST LINE 6,MXWEA,0,0,None,0
640,2026-01-26,FW,05:59,Monday,FINCH AND YORK GATE,EXBK,17,27,None,6516
641,2026-01-26,FW,10:01,Monday,SENTINEL STOP,EXBK,52,62,E,6504
642,2026-01-26,FW,12:36,Monday,SENTINEL STOP,EXBK,47,57,E,6504
643,2026-01-26,FW,13:52,Monday,EMERY STOP (APPROACHIN,EXBK,0,0,W,6504
644,2026-01-26,FW,14:06,Monday,NORFINCH OAKDALE STOP,EXNEA,10,20,W,0
645,2026-01-26,FW,14:22,Monday,WESTMORE STOP (APPROAC,EXBK,0,0,E,6504
646,2026-01-26,FW,14:39,Monday,PEARLDALE STOP,EXBK,0,0,E,6504
647,2026-01-26,FW,14:45,Monday,DUNCANWOODS STOP (APPR,EXBK,0,0,E,6504
648,2026-01-26,FW,14:47,Monday,HUMBER COLLEGE STOP,EXO,10,20,E,6502
649,2026-01-26,FW,14:54,Monday,NORFINCH OAKDALE STOP,EXBK,0,0,E,6504
650,2026-01-26,FW,14:59,Monday,JANE FWLRT STOP,EXNEA,10,20,E,0
651,2026-01-26,FW,15:08,Monday,FINCH WEST FWLRT STATI,EXBK,0,0,E,6504
652,2026-01-26,FW,15:08,Monday,NORFINCH OAKDALE STOP,EXNEA,10,20,W,0
653,2026-01-26,FW,15:15,Monday,HUMBER COLLEGE STOP,EXO,10,20,E,6511
654,2026-01-26,FW,15:18,Monday,JANE FWLRT STOP,EXNEA,10,20,E,0
655,2026-01-26,FW,15:23,Monday,YORKGATE,PXSW,22,32,W,6504
656,2026-01-26,FW,15:41,Monday,JANE FWLRT STOP,EXNEA,10,20,E,0
657,2026-01-26,FW,15:50,Monday,HUMBER COLLEGE STOP,EXAC,10,20,E,6503
658,2026-01-26,FW,16:25,Monday,FINCH WEST FWLRT STATI,PXSW,18,28,W,6509
659,2026-01-26,FW,16:55,Monday,FINCH WEST FWLRT STATI,EXAC,7,17,W,6503
660,2026-01-26,FW,17:15,Monday,FINCH WEST FWLRT STATI,EXO,10,20,W,6517
661,2026-01-26,FW,17:26,Monday,FINCH WEST FWLRT STATI,PXSW,43,53,W,6511
662,2026-01-26,FW,18:06,Monday,FINCH WEST FWLRT STATI,PXSW,43,53,W,6506
663,2026-01-26,FW,18:56,Monday,HUMBER COLLEGE STOP,EXO,10,20,E,6514
664,2026-01-26,FW,19:48,Monday,SENTINEL STOP,SXUEG,5,15,E,6512
665,2026-01-26,FW,20:02,Monday,DUNCANWOODS STOP,EXAC,10,20,E,6514
666,2026-01-26,FW,21:07,Monday,JANE AND FINCH STATION,MXO,0,0,W,6506
667,2026-01-26,FW,22:22,Monday,SENTINEL STOP,MXO,10,20,E,6513
668,2026-01-26,FW,22:22,Monday,SENTINEL STOP,MXO,0,0,E,6513
669,2026-01-26,FW,22:33,Monday,JANE AND FINCH FWLRT S,PXSW,22,29,W,6516
670,2026-01-27,FW,04:31,Tuesday,LINE 6 HUMBER COLLEGE,PXWZ,0,0,None,0
671,2026-01-27,FW,05:08,Tuesday,SENTINEL STOP,PXWZ,10,0,W,6512
672,2026-01-27,FW,06:48,Tuesday,YORKGATE,PXTIS,24,31,E,6502
673,2026-01-27,FW,06:56,Tuesday,JANE FWLRT STOP,PXTIS,14,21,E,6507
674,2026-01-27,FW,07:56,Tuesday,HUMBER COLLEGE STOP,TXTO,5,12,E,6511
675,2026-01-27,FW,07:57,Tuesday,FINCH WEST FWLRT STATI,TXNIP,5,12,W,6501
676,2026-01-27,FW,09:04,Tuesday,FINCH WEST FWLRT STATI,EXO,10,20,W,6511
677,2026-01-27,FW,09:28,Tuesday,FINCH WEST FWLRT STATI,EXGA,5,12,None,0
678,2026-01-27,FW,10:33,Tuesday,HUMBER COLLEGE STOP,EXO,10,20,E,6501
679,2026-01-27,FW,14:49,Tuesday,HANDOVER PLATFORM - FW,EXNEA,8,16,None,0
680,2026-01-27,FW,15:00,Tuesday,JANE FWLRT STOP,PXSW,5,15,W,6501
681,2026-01-27,FW,16:18,Tuesday,MOUNT OLIVE STOP,EXO,5,12,W,6505
682,2026-01-27,FW,16:32,Tuesday,HUMBER COLLEGE STOP,EXAC,5,12,E,6512
683,2026-01-27,FW,17:28,Tuesday,TOBERMORY STOP,EXDO,0,0,W,6513
684,2026-01-27,FW,17:37,Tuesday,MILVAN RUMIKE STOP,EXDO,0,0,W,6506
685,2026-01-27,FW,17:43,Tuesday,HUMBER COLLEGE STOP,EXO,0,0,E,6511
686,2026-01-27,FW,17:44,Tuesday,TOBERMORY STOP,EXDO,0,0,W,6516
687,2026-01-27,FW,17:54,Tuesday,MARTIN GROVE STOP,TXOS,5,12,W,6511
688,2026-01-27,FW,18:07,Tuesday,TOBERMORY STOP,MXD,0,0,E,6514
689,2026-01-28,FW,04:08,Wednesday,NORFINCH OAKDALE STOP,PXSW,0,0,E,0
690,2026-01-28,FW,06:39,Wednesday,HUMBER COLLEGE STOP,TXO,10,20,E,6504
691,2026-01-28,FW,07:45,Wednesday,FINCH WEST FWLRT STATI,EXAC,10,20,W,6504
692,2026-01-28,FW,11:20,Wednesday,FINCH WEST FWLRT STATI,SXAP,11,13,E,6514
693,2026-01-28,FW,13:15,Wednesday,FINCH WEST FWLRT STATI,EXO,5,15,W,6505
694,2026-01-28,FW,15:47,Wednesday,HUMBER COLLEGE STOP,EXATC,10,20,E,6512
695,2026-01-28,FW,16:10,Wednesday,JANE FWLRT STOP,EXAC,7,14,W,6515
696,2026-01-28,FW,16:23,Wednesday,HUMBER COLLEGE STOP,EXAC,7,14,E,6503
697,2026-01-28,FW,17:04,Wednesday,HUMBER COLLEGE STOP,EXO,7,14,E,6511
698,2026-01-28,FW,18:42,Wednesday,FINCH WEST FWLRT STATI,SXUEG,10,20,E,6516
699,2026-01-28,FW,18:53,Wednesday,SIGNET ARROW STOP,EXO,0,0,E,6517
700,2026-01-29,FW,07:33,Thursday,FINCH WEST STATION,EXAC,4,11,W,6503
701,2026-01-29,FW,08:29,Thursday,FINCH WEST FWLRT STATI,MXO,4,11,W,6506
702,2026-01-29,FW,09:17,Thursday,MARTIN GROVE TO HUMBER,PXATC,0,0,W,6506
703,2026-01-29,FW,10:26,Thursday,FINCH WEST FWLRT STATI,EXAC,5,15,W,6504
704,2026-01-29,FW,11:34,Thursday,HUMBER COLLEGE STOP,EXDO,10,20,E,6516
705,2026-01-29,FW,12:35,Thursday,FINCH WEST FWLRT STATI,EXDO,10,10,W,6516
706,2026-01-29,FW,14:58,Thursday,DRIFTWOOD STOP,EXO,0,0,W,6501
707,2026-01-29,FW,15:20,Thursday,HUMBER COLLEGE STOP,EXAC,6,12,E,6516
708,2026-01-29,FW,19:20,Thursday,FINCH MSF LRT YARD,MXIE,0,0,None,6508
709,2026-01-30,FW,05:44,Friday,WESTMORE STOP,PXSW,10,20,W,6507
710,2026-01-30,FW,06:09,Friday,HUMBER COLLEGE STOP,PXSW,10,20,W,6516
711,2026-01-30,FW,06:32,Friday,MOUNT OLIVE STOP,EXDO,5,15,E,6516
712,2026-01-30,FW,08:16,Friday,FINCH WEST FWLRT STATI,EXDO,7,14,W,6503
713,2026-01-30,FW,08:42,Friday,FINCH WEST FWLRT STATI,EXCE,7,14,W,6517
714,2026-01-30,FW,12:50,Friday,FINCH WEST FWLRT STATI,EXAC,3,9,W,6512
715,2026-01-30,FW,14:33,Friday,HUNBER COLLEGE (LEAVIN,EXBK,82,87,E,6506
716,2026-01-30,FW,15:38,Friday,JANE FWLRT STOP,EXNEA,5,10,E,0
717,2026-01-30,FW,18:52,Friday,DRIFTWOOD STOP,EXDO,6,12,W,6517
718,2026-01-30,FW,19:55,Friday,FINCH WEST FWLRT STATI,EXAC,10,16,W,6511
719,2026-01-30,FW,20:02,Friday,FINCH WEST FWLRT STATI,EXBO,6,12,None,6511
720,2026-01-30,FW,20:31,Friday,TOBERMORY STOP,EXO,0,0,W,6508
721,2026-01-30,FW,22:17,Friday,ROWNTREE MILLS STOP,EXBK,49,0,W,6506
722,2026-01-31,FW,08:46,Saturday,FINCH WEST STATION,EXAC,12,24,E,6509
723,2026-01-31,FW,09:25,Saturday,HUMBER COLLEGE STOP,EXO,10,20,E,6511
724,2026-01-31,FW,12:40,Saturday,ROWNTREE MILLS STOP,EXO,4,12,E,6511
725,2026-01-31,FW,13:31,Saturday,MARTIN GROVE STOP,TXO,9,18,E,6512
726,2026-01-31,FW,14:12,Saturday,FINCH WEST FWLRT STATI,EXO,3,12,E,6511
727,2026-01-31,FW,14:35,Saturday,SENTINEL STOP,EXO,9,18,W,6511
728,2026-01-31,FW,15:54,Saturday,MOUNT OLIVE STOP,EXO,3,12,E,6501
729,2026-01-31,FW,16:52,Saturday,HUMBER COLLEGE STOP,TXOVS,0,0,W,6512
730,2026-01-31,FW,16:57,Saturday,HUMBER COLLEGE STOP,EXTR,4,13,E,6512
731,2026-01-31,FW,17:14,Saturday,SIGNET ARROW STOP,MXO,3,12,E,6517
732,2026-01-31,FW,17:20,Saturday,HUMBER COLLEGE STOP,EXDO,0,0,E,6516
733,2026-01-31,FW,17:50,Saturday,FINCH WEST FWLRT STATI,EXHV,6,15,W,6512
734,2026-01-31,FW,18:05,Saturday,STEVENSON STOP,MXD,0,0,E,6515
735,2026-01-31,FW,18:59,Saturday,MARTIN GROVE STOP,TXO,9,18,W,6512
736,2026-01-31,FW,21:57,Saturday,EMERY STOP,EXBK,30,42,W,6513
